{"0": [0.01034992935175058, 0.5866789785322954], "1": [-0.04972796978381212, 0.5652070846804316], "2": [0.1800476084243838, 0.5489550029626489], "3": [14.379808644303951, 4.527461345880398], "4": [0.19315878222333732, 0.4625796326958224], "5": [0.18605206862002913, 0.4670984869820824], "6": [0.21091589780068729, 0.45942115380977494], "7": [0.18370323332004013, 0.45454725721429484], "8": [0.5630294023988826, 0.28203341078574273], "9": [0.807533623897959, 0.09906146064922407], "10": [0.15719746788456287, 0.10342746828270448], "11": [0.9341895764780809, 0.24795042181409657], "12": [0.06951176722169203, 0.08279060820125464]}